Titre;Prix;Socle carré;Photo 1;Photo 2;Photo 3;Photo 4;Photo 5;Photo 6
Central square;45,00 €;32x32 cm;Central square 1;Central square 2;Central square 3;;;
Central square sans Obelisque;45,00 €;32x32 cm;Central square 1;Central square 2;Central square 3;;;
Raised Road Lineal A;11,00 €;12x11 cm;Raised Road 1;Raised Road 2;;;;
Raised Road Lineal B;11,00 €;12x10 cm;Raised Road 1;Raised Road 2;;;;
Raised Road Corner;16,00 €;14x14 cm;Raised Road 1;Raised Road 2;;;;
Raised Road Dead End;9,00 €;13,5x10 cm;Raised Road 1;Raised Road 2;;;;
Raised Road Stairs;16,50 €;17x18 cm;Raised Road 1;Raised Road 2;;;;
Ruined Big House;50,00 €;30x32x12 cm;Ruined Big House 1;;;;;
Ruined House;25,00 €;14x24 cm;Ruined House 1;;;;;
Tower;30,00 €;12x14x21 cm;Tower 1;;;;;
