titre;prix;dimension;cheerleaders;big_guy;joueurs;Option;Photo 1;Photo 2;Photo 3;Photo 4;Photo 5;Photo 6;Photo 7;Photo 8;
Plateau 15 joueurs + 2 Bigs guys + Cheerleaders ;19,52 €;200 x 340mm;6;2;15;sans;Plateau 15 joueurs + 2 Bigs guys + Cheerleaders 1;Plateau 15 joueurs + 2 Bigs guys + Cheerleaders 2;Exemple 1;Exemple 2;Exemple 3;Exemple 4;Exemple 5;Exemple 6;
Plateau 15 joueurs + 2 Bigs guys + Cheerleaders ;51,72 €;200 x 340mm;6;2;15;avec;Plateau 15 joueurs + 2 Bigs guys + Cheerleaders 1;Plateau 15 joueurs + 2 Bigs guys + Cheerleaders 2;Exemple 1;Exemple 2;Exemple 3;Exemple 4;Exemple 5;Exemple 6;
Plateau 16 joueurs + 1 Big guy + Cheerleaders ;17,32 €;200 x 340mm;6;1;16;sans;Plateau 16 joueurs + 1 Big guy + Cheerleaders 1;Plateau 16 joueurs + 1 Big guy + Cheerleaders 2;Exemple 1;Exemple 2;Exemple 3;Exemple 4;Exemple 5;Exemple 6;
Plateau 16 joueurs + 1 Big guy + Cheerleaders ;49,06 €;200 x 340mm;6;1;16;avec;Plateau 16 joueurs + 1 Big guy + Cheerleaders 1;Plateau 16 joueurs + 1 Big guy + Cheerleaders 2;Exemple 1;Exemple 2;Exemple 3;Exemple 4;Exemple 5;Exemple 6;
Plateau 17 joueurs + 1 Big guy + Cheerleaders ;17,83 €;200 x 340mm;6;1;17;sans;Plateau 17 joueurs + 1 Big guy + Cheerleaders 1;Plateau 17 joueurs + 1 Big guy + Cheerleaders 2;Exemple 1;Exemple 2;Exemple 3;Exemple 4;Exemple 5;Exemple 6;
Plateau 17 joueurs + 1 Big guy + Cheerleaders ;51,41 €;200 x 340mm;6;1;17;avec;Plateau 17 joueurs + 1 Big guy + Cheerleaders 1;Plateau 17 joueurs + 1 Big guy + Cheerleaders 2;Exemple 1;Exemple 2;Exemple 3;Exemple 4;Exemple 5;Exemple 6;
Plateau 16 joueurs + 2 Bigs guys + Cheerleaders ;17,87 €;200 x 340mm;6;2;16;sans;Plateau 16 joueurs + 2 Bigs guys + Cheerleaders 1;Plateau 16 joueurs + 2 Bigs guys + Cheerleaders 2;Exemple 1;Exemple 2;Exemple 3;Exemple 4;Exemple 5;Exemple 6;
Plateau 16 joueurs + 2 Bigs guys + Cheerleaders ;51,91 €;200 x 340mm;6;2;16;avec;Plateau 16 joueurs + 2 Bigs guys + Cheerleaders 1;Plateau 16 joueurs + 2 Bigs guys + Cheerleaders 2;Exemple 1;Exemple 2;Exemple 3;Exemple 4;Exemple 5;Exemple 6;
Plateau 22 joueurs + 2 Bigs guys + Cheerleaders ;22,18 €;245 x 340mm;6;2;22;sans;Plateau 22 joueurs + 2 Bigs guys + Cheerleaders 1;Plateau 22 joueurs + 2 Bigs guys + Cheerleaders 2;Exemple 1;Exemple 2;Exemple 3;Exemple 4;Exemple 5;Exemple 6;
Plateau 22 joueurs + 2 Bigs guys + Cheerleaders ;67,26 €;245 x 340mm;6;2;22;avec;Plateau 22 joueurs + 2 Bigs guys + Cheerleaders 1;Plateau 22 joueurs + 2 Bigs guys + Cheerleaders 2;Exemple 1;Exemple 2;Exemple 3;Exemple 4;Exemple 5;Exemple 6;
Plateau 21 joueurs + 4 Bigs guys + Cheerleaders ;22,77 €;245 x 340mm;6;4;21;sans;Plateau 21 joueurs + 4 Bigs guys + Cheerleaders 1;Plateau 21 joueurs + 4 Bigs guys + Cheerleaders 2;Plateau 21 joueurs + 4 Bigs guys + Cheerleaders 3;Exemple 1;Exemple 2;Exemple 3;Exemple 4;Exemple 5;Exemple 6
Plateau 21 joueurs + 4 Bigs guys + Cheerleaders ;70,61 €;245 x 340mm;6;4;21;avec;Plateau 21 joueurs + 4 Bigs guys + Cheerleaders 1;Plateau 21 joueurs + 4 Bigs guys + Cheerleaders 2;Plateau 21 joueurs + 4 Bigs guys + Cheerleaders 3;Exemple 1;Exemple 2;Exemple 3;Exemple 4;Exemple 5;Exemple 6
