Titre;Prix;Socle carré;Socle rond;Photo 1;Photo 2;Photo 3;Photo 4;Photo 5;Photo 6;Photo 7;Photo 8;Photo 9;Photo 10;Photo 11;Photo 12
Yarablin Etat-Major ;3,00 €;20x20 mm;25 mm;Yarablin Etat-Major 1;Yarablin Etat-Major 2;Yarablin Etat-Major 3;;;;;;;;;
Yarablin x10 ;5,00 €;20x20 mm;25 mm;Yarablin x10 1;Yarablin x10 2;Yarablin x10 3;Yarablin x10 4;Yarablin x10 5;Yarablin x10 6;;;;;;
Roroa Khans + Yarablin Etat-Major ;20,00 €;40x40 mm + 20X20 mm;50mm + 25 mm;Roroa Khans + Yarablin Etat-Major 1;Roroa Khans + Yarablin Etat-Major 2;Roroa Khans + Yarablin Etat-Major 3;Roroa Khans + Yarablin Etat-Major 4;Roroa Khans + Yarablin Etat-Major 5;Roroa Khans + Yarablin Etat-Major 6;Roroa Khans + Yarablin Etat-Major 7;Roroa Khans + Yarablin Etat-Major 8;;;;
Roroa Khans + Yarablin x10 ;40,00 €;40x40 mm + 20X20 mm;50mm + 25 mm;Roroa Khans + Yarablin x10 1;Roroa Khans + Yarablin x10 2;Roroa Khans + Yarablin x10 3;Roroa Khans + Yarablin x10 4;Roroa Khans + Yarablin x10 5;Roroa Khans + Yarablin x10 6;Roroa Khans + Yarablin x10 7;Roroa Khans + Yarablin x10 8;Roroa Khans + Yarablin x10 9;Roroa Khans + Yarablin x10 10;Roroa Khans + Yarablin x10 11;Roroa Khans + Yarablin x10 12
Tusker x10 ;34,00 €;40x40 mm;50mm;Tusker x10 1;Tusker x10 2;Tusker x10 3;Tusker x10 4;Tusker x10 5;Tusker x10 6;;;;;;
Tusker Knight x3 ;58,00 €;50x100 mm;120x92 mm;Tusker Knight x3 1;Tusker Knight x3 2;Tusker Knight x3 3;;;;;;;;;
Maero Etat-Major ;14,00 €;40x40 mm;50mm;Maero Etat-Major 1;Maero Etat-Major 2;Maero Etat-Major 3;;;;;;;;;
Maero x3 ;12,00 €;40x40 mm;50mm;Maero x3 1;Maero x3 2;Maero x3 3;;;;;;;;;
Maero Hero ;50,00 €;50x100 mm;120x92 mm;Maero Hero 1;Maero Hero 2;Maero Hero 3;Maero Hero 4;Maero Hero 5;Maero Hero 6;;;;;;
Heroine ;8,00 €;40x40 mm;50mm;Heroine 1;Heroine 2;Heroine 3;Heroine 4;;;;;;;;
Hero ;25,00 €;40x40 mm;50mm;Hero 1;Hero 2;Hero 3;Hero 4;;;;;;;;
Hinewai ;8,00 €;40x40 mm;50mm;Hinewai 1;Hinewai 2;Hinewai 3;;;;;;;;;
Halloween ;7,00 €;40x40 mm;50mm;Halloween 1;Halloween 2;Halloween 3;;;;;;;;;
Catapulte Yarablin ;15,00 €;50x100 mm;120x92 mm;Catapulte Yarablin 1;Catapulte Yarablin 2;Catapulte Yarablin 3;Catapulte Yarablin 4;Catapulte Yarablin 5;Catapulte Yarablin 6;;;;;;
Canon Yarablin ;50,00 €;50x100 mm;120x92 mm;Canon Yarablin 1;Canon Yarablin 2;Canon Yarablin 3;Canon Yarablin 4;;;;;;;;
Bunyip Hero ;45,00 €;100x150 mm;;Bunyip Hero 1;Bunyip Hero 2;Bunyip Hero 3;;;;;;;;;
Burrunjor ;55,00 €;100x150 mm;;Burrunjor 1;Burrunjor 2;Burrunjor 3;;;;;;;;;
Taniwha ;75,00 €;100x150 mm;;Taniwha 1;Taniwha 2;Taniwha 3;;;;;;;;;
;;;;;;;;;;;;;;;
;;;;;;;;;;;;;;;
;;;;;;;;;;;;;;;
;;;;;;;;;;;;;;;
;;;;;;;;;;;;;;;
;;;;;;;;;;;;;;;
;;;;;;;;;;;;;;;
;;;;;;;;;;;;;;;
;;;;;;;;;;;;;;;
;;;;;;;;;;;;;;;
;;;;;;;;;;;;;;;
;;;;;;;;;;;;;;;
;;;;;;;;;;;;;;;
;;;;;;;;;;;;;;;
;;;;;;;Titan 4;;;;;;;;
