Titre;Prix;Socle carré;Socle rond;Photo 1;Photo 2;Photo 3;Photo 4;Photo 5;Photo 6
Deamon Legions - Cfiend x3;17,00 €;40x40 mm;50 mm;Deamon Legions - Cfiend x3 1;;;;;
Deamon Legions - Courtesan;34,00 €;50x50 mm;65 mm;Deamon Legions - Courtesan 1;;;;;
Deamon Legions - Furies x5;22,00 €;25x25 mm;32 mm;Deamon Legions - Furies x5 1;;;;;
Deamon Legions - Hero Cfiend;8,00 €;40x40 mm;50 mm;Deamon Legions - Hero Cfiend 1;Deamon Legions - Hero Cfiend 2;Deamon Legions - Hero Cfiend 3;;;
Deamon Legions - Heroine;5,00 €;25x25 mm;32 mm;Deamon Legions - Heroine 1;Deamon Legions - Heroine 2;Deamon Legions - Heroine 3;Deamon Legions - Heroine 4;;
Deamon Legions - Myrmidons Etat-Major;9,00 €;25x25 mm;32 mm;Deamon Legions - Myrmidons Etat-Major 1;Deamon Legions - Myrmidons Etat-Major 2;;;;
Deamon Legions - Myrmidons Regiment x10;20,00 €;25x25 mm;32 mm;Deamon Legions - Myrmidons Regiment x10 1;Deamon Legions - Myrmidons Regiment x10 2;;;;
Deamon Legions - Succubi Etat-Major;8,00 €;25x25 mm;32 mm;Deamon Legions - Succubi Etat-Major 1;;;;;
Deamon Legions - Succubi x10;18,00 €;25x25 mm;32 mm;Deamon Legions - Succubi x10 1;Deamon Legions - Succubi x10 2;;;;
Deamon Legions - Vanadra;34,00 €;50x50 mm;65 mm;Deamon Legions - Vanadra 1;Deamon Legions - Vanadra 2;;;;
Dragon du Chaos;150,00 €;150x100 mm;170x105 mm;Dragon du Chaos 1;Dragon du Chaos 2;;;;
Legion of Skull - Altar;40,00 €;50x100 mm;120x92 mm;Legion of Skull - Altar 1;Legion of Skull - Altar 2;;;;
Legion of Skull - Brekolr;25,00 €;50x50 mm;65 mm;Legion of Skull - Brekolr 1;Legion of Skull - Brekolr 2;;;;
Legion of Skull - Brekolr Scenique;34,00 €;50x50 mm;65 mm;Legion of Skull - Brekolr 1;Legion of Skull - Brekolr 2;;;;
Legion of Skull - Cavalier Etat-Major;30,00 €;25x50 mm;60x35 mm;Legion of Skull - Cavalier Etat-Major 1;Legion of Skull - Cavalier Etat-Major 2;Legion of Skull - Cavalier Etat-Major 3;;;
Legion of Skull - Cavalier x5;48,00 €;25x50 mm;60x35 mm;Legion of Skull - Cavalier x5 1;Legion of Skull - Cavalier x5 2;Legion of Skull - Cavalier x5 3;Legion of Skull - Cavalier x5 4;;
Legion of Skull - Chariot;36,00 €;50x100 mm;120x92 mm;Legion of Skull - Chariot 1;Legion of Skull - Chariot 2;Legion of Skull - Chariot 3;Legion of Skull - Chariot 4;;
Legion of Skull - Elhag;10,00 €;40x40 mm;50 mm;Legion of Skull - Elhag 1;Legion of Skull - Elhag 2;Legion of Skull - Elhag 3;Legion of Skull - Elhag 4;;
Legion of Skull - Hero Cavalier;9,00 €;25x50 mm;60x35 mm;Legion of Skull - Hero Cavalier 1;Legion of Skull - Hero Cavalier 2;Legion of Skull - Hero Cavalier 3;;;
Legion of Skull - Hero;3,50 €;25x25 mm;32 mm;Legion of Skull - Hero 1;Legion of Skull - Hero 2;Legion of Skull - Hero 3;Legion of Skull - Hero 4;;
Legion of Skull - Infanterie Etat-Major;9,00 €;25x25 mm;32 mm;Legion of Skull - Infanterie Etat-Major 1;Legion of Skull - Infanterie Etat-Major 2;Legion of Skull - Infanterie Etat-Major 3;Legion of Skull - Infanterie Etat-Major 4;;
Legion of Skull - Infanterie x10;24,00 €;25x25 mm;32 mm;Legion of Skull - Infanterie x10 1;Legion of Skull - Infanterie x10 2;Legion of Skull - Infanterie x10 3;Legion of Skull - Infanterie x10 4;;
Legion of Skull - Lord;40,00 €;50x100 mm;120x92 mm;Legion of Skull - Lord 1;Legion of Skull - Lord 2;;;;
Legion of Skull - Lord Scenique;45,00 €;50x100 mm;120x92 mm;Legion of Skull - Lord 1;Legion of Skull - Lord 2;;;;
Legion of Skull - Lord with wing;45,00 €;50x100 mm;120x92 mm;Legion of Skull - Lord 1;Legion of Skull - Lord 2;;;;
Legion of Skull - Lord with wing Scenique;50,00 €;50x100 mm;120x92 mm;Legion of Skull - Lord 1;Legion of Skull - Lord 2;;;;
Nukuja Warriors - Chosen Etat-Major;12,00 €;25x25 mm;32 mm;Nukuja Warriors - Chosen Etat-Major 1;;;;;
Nukuja Warriors - Chosen x10;29,00 €;25x25 mm;32 mm;Nukuja Warriors - Chosen x10 1;Nukuja Warriors - Chosen x10 2;;;;
Nukuja Warriors - Exalted;38,00 €;50x50 mm;65 mm;Nukuja Warriors - Exalted 1;Nukuja Warriors - Exalted 2;Nukuja Warriors - Exalted 3;Nukuja Warriors - Exalted 4;;
Nukuja Warriors - Hero;20,00 €;25x25 mm;32 mm;Nukuja Warriors - Hero 1;Nukuja Warriors - Hero 2;Nukuja Warriors - Hero 3;Nukuja Warriors - Hero 4;;
Nukuja Warriors - Sorceress;5,00 €;25x25 mm;32 mm;Nukuja Warriors - Sorceress 1;Nukuja Warriors - Sorceress 2;;;;
Rotten Host - 3reyes;45,00 €;;130 mm;Rotten Host - 3reyes 1;;;;;
Rotten Host - Cavalier Etat-Major;24,00 €;25x50 mm;60x35 mm;Rotten Host - Cavalier Etat-Major 1;Rotten Host - Cavalier Etat-Major 2;Rotten Host - Cavalier Etat-Major 3;Rotten Host - Cavalier Etat-Major 4;;
Rotten Host - Cavalier x5;38,00 €;25x50 mm;60x35 mm;Rotten Host - Cavalier x5 1;Rotten Host - Cavalier x5 2;Rotten Host - Cavalier x5 3;Rotten Host - Cavalier x5 4;;
Rotten Host - Etat-Major;11,00 €;25x25 mm;32 mm;Rotten Host - Etat-Major 1;Rotten Host - Etat-Major 2;Rotten Host - Etat-Major 3;Rotten Host - Etat-Major 4;;
Rotten Host - Hero;6,00 €;25x25 mm;32 mm;Rotten Host - Hero 1;Rotten Host - Hero 2;Rotten Host - Hero 3;Rotten Host - Hero 4;;
Rotten Host - Klous;35,00 €;100x150 mm;110x75 mm;Rotten Host - Klous 1;Rotten Host - Klous 2;;;;
Rotten Host - Klous Scenique;42,00 €;100x150 mm;110x75 mm;Rotten Host - Klous 1;Rotten Host - Klous 2;;;;
Rotten Host - Prince Demon;24,00 €;50x50 mm;65 mm;Rotten Host - Prince Demon 1;Rotten Host - Prince Demon 2;Rotten Host - Prince Demon 3;;;
Rotten Host - Regiment x10;24,00 €;25x25 mm;32 mm;Rotten Host - Regiment x10 1;Rotten Host - Regiment x10 2;Rotten Host - Regiment x10 3;Rotten Host - Regiment x10 4;;
Rotten Host - Volnir;20,00 €;50x75 mm;90x52 mm;Rotten Host - Volnir 1;Rotten Host - Volnir 2;Rotten Host - Volnir 3;Rotten Host - Volnir 4;;
Rotten Host - Wolfs;38,00 €;25x50 mm;60x35 mm;Rotten Host - Wolfs 1;;;;;
Sons of Depravation - Eidrian;10,00 €;25x50 mm;60x35 mm;Sons of Depravation - Eidrian 1;Sons of Depravation - Eidrian 2;;;;
Sons of Depravation - Eidrian Scenique;15,00 €;25x50 mm;60x35 mm;Sons of Depravation - Eidrian 1;Sons of Depravation - Eidrian 2;;;;
Sons of Depravation - Heroine;3,00 €;25x25 mm;32 mm;Sons of Depravation - Heroine 1;Sons of Depravation - Heroine 2;Sons of Depravation - Heroine 3;;;
Sons of Depravation - Infanterie Etat-Major;11,00 €;25x25 mm;32 mm;Sons of Depravation - Infanterie Etat-Major 1;Sons of Depravation - Infanterie Etat-Major 2;;;;
Sons of Depravation - Knights Etat-Major;29,00 €;25x50 mm;60x35 mm;Sons of Depravation - Knights Etat-Major 1;;;;;
Sons of Depravation - Knights x5;40,00 €;25x50 mm;60x35 mm;Sons of Depravation - Knights x5 1;;;;;
Sons of Depravation - Princx;11,00 €;50x100 mm;120x92 mm;Sons of Depravation - Princx 1;Sons of Depravation - Princx 2;;;;
Sons of Depravation - Princx Scenique;18,00 €;50x100 mm;120x92 mm;Sons of Depravation - Princx 1;Sons of Depravation - Princx 2;;;;
Sons of Depravation - Regiment x10;22,00 €;25x25 mm;32 mm;Sons of Depravation - Regiment x10 1;Sons of Depravation - Regiment x10 2;;;;
Sons of Depravation - Sorceress;4,00 €;25x25 mm;32 mm;Sons of Depravation - Sorceress 1;;;;;
Sons of Depravation - Worm Hero;20,00 €;25x50 mm;60x35 mm;Sons of Depravation - Worm Hero 1;;;;;
Sons of Depravation - Worms x3;30,00 €;25x50 mm;60x35 mm;Sons of Depravation - Worms x3 1;;;;;
Transfiguration Forces - BigSpawn;60,00 €;100x150 mm;130 mm;Transfiguration Forces - BigSpawn 1;;;;;
Transfiguration Forces - Hero;4,00 €;25x25 mm;32 mm;Transfiguration Forces - Hero 1;;;;;
Transfiguration Forces - Hero Scenique;5,00 €;25x25 mm;32 mm;Transfiguration Forces - Hero 1;;;;;
Transfiguration Forces - Infanterie Etat-Major alt;10,00 €;25x25 mm;32 mm;Transfiguration Forces - Infanterie Etat-Major alt 1;;;;;
Transfiguration Forces - Infanterie Etat-Major;11,00 €;25x25 mm;32 mm;Transfiguration Forces - Infanterie Etat-Major 1;Transfiguration Forces - Infanterie Etat-Major 2;;;;
Transfiguration Forces - Infanterie x10 alt;24,00 €;25x25 mm;32 mm;Transfiguration Forces - Regiment x10 alt 1;Transfiguration Forces - Regiment x10 alt 2;;;;
Transfiguration Forces - Sorceresson;7,00 €;25x25 mm;32 mm;Transfiguration Forces - Sorceresson 1;Transfiguration Forces - Sorceresson 2;Transfiguration Forces - Sorceresson 3;;;
Transfiguration Forces - Sorceresson Scenique;11,00 €;25x25 mm;32 mm;Transfiguration Forces - Sorceresson 1;Transfiguration Forces - Sorceresson 2;Transfiguration Forces - Sorceresson 3;;;
Transfiguration Forces - Spawns x3;22,00 €;40x40 mm;50 mm;Transfiguration Forces - Spawns x3 1;;;;;
Transfiguration Forces - SupremeSorcerer;6,00 €;25x25 mm;32 mm;Transfiguration Forces - SupremeSorcerer 1;Transfiguration Forces - SupremeSorcerer 2;Transfiguration Forces - SupremeSorcerer 3;;;
Transfiguration Forces - SupremeSorcerer Scenique;8,00 €;25x25 mm;32 mm;Transfiguration Forces - SupremeSorcerer 1;Transfiguration Forces - SupremeSorcerer 2;Transfiguration Forces - SupremeSorcerer 3;;;
Warrior of the Dark god - Infanterie Hero;4,00 €;25x25 mm;32 mm;Warrior of the Dark god - Infanterie Hero 1;Warrior of the Dark god - Infanterie Hero 2;;;;
Warriors of the Dark God - Ancient Feldrak;54,00 €;75x100 mm;120x92 mm;Warriors of the Dark God - Ancient Feldrak 1;Warriors of the Dark God - Ancient Feldrak 2;Warriors of the Dark God - Ancient Feldrak 3;Warriors of the Dark God - Ancient Feldrak 4;;
Warriors of the Dark God - Forsworn - Etat-Major;23,00 €;40x40 mm;50 mm;Warriors of the Dark God - Forsworn - Etat-Major 1;Warriors of the Dark God - Forsworn - Etat-Major 2;;;;
Warriors of the Dark God - Forsworn x3;21,00 €;40x40 mm;50 mm;Warriors of the Dark God - Forsworn x3 1;Warriors of the Dark God - Forsworn x3 2;;;;
Warriors of the Dark God - Infanterie Etat-Major;6,00 €;25x25 mm;32 mm;Warriors of the Dark God - Infanterie Etat-Major 1;Warriors of the Dark God - Infanterie Etat-Major 2;;;;
Warriors of the Dark God - Infanterie Regiment x10;17,00 €;25x25 mm;32 mm;Warriors of the Dark God - Infanterie Regiment x10 1;Warriors of the Dark God - Infanterie Regiment x10 2;;;;
Warriors of the Dark God - Werebears - Etat-Major;23,00 €;40x40 mm;50 mm;Warriors of the Dark God - Werebears - Etat-Major 1;Warriors of the Dark God - Werebears - Etat-Major 2;;;;
Warriors of the Dark God - Werebears x3;20,00 €;40x40 mm;50 mm;Warriors of the Dark God - Werebears x3 1;Warriors of the Dark God - Werebears x3 2;;;;
